"status","family","original","extracted_source","destination","bytes"
"copied_extracted","clearbox","E:\clearbox-ai-studio-v2-main\core\reasoning_616\engine.py","G:\New folder\Python_Reasoning_Functions_20260515_173222\functions_by_source\clearbox\6a8eeff1be1a__6a8eeff1be1a__engine.functions.py","G:\AnchorWorks_reasoning_toolbox_pull_list\extracted_function_fallbacks\clearbox\6a8eeff1be1a__6a8eeff1be1a__engine.functions.py","30009"
"copied_extracted","clearbox","E:\clearbox-ai-studio-v2-main\bridges\services\reasoning_service.py","G:\New folder\Python_Reasoning_Functions_20260515_173222\functions_by_source\clearbox\f8e2cd242ef4__f8e2cd242ef4__reasoning_service.functions.py","G:\AnchorWorks_reasoning_toolbox_pull_list\extracted_function_fallbacks\clearbox\f8e2cd242ef4__f8e2cd242ef4__reasoning_service.functions.py","20995"
"copied_extracted","clearbox","E:\clearbox-ai-studio-v2-main\bridges\services\reasoning_chat.py","G:\New folder\Python_Reasoning_Functions_20260515_173222\functions_by_source\clearbox\a54b12c03efc__a54b12c03efc__reasoning_chat.functions.py","G:\AnchorWorks_reasoning_toolbox_pull_list\extracted_function_fallbacks\clearbox\a54b12c03efc__a54b12c03efc__reasoning_chat.functions.py","7844"
"copied_extracted","arc_solver","H:\arc_production_solver\arc_core.py","G:\New folder\Python_Reasoning_Functions_20260515_173222\functions_by_source\arc_solver\8de1ac8e8cf0__8de1ac8e8cf0__arc_core.functions.py","G:\AnchorWorks_reasoning_toolbox_pull_list\extracted_function_fallbacks\arc_solver\8de1ac8e8cf0__8de1ac8e8cf0__arc_core.functions.py","26086"
"copied_extracted","arc_solver","H:\arc_production_solver\arc_organ\arc_rule_hypothesis.py","G:\New folder\Python_Reasoning_Functions_20260515_173222\functions_by_source\arc_solver\2e827ac2f106__2e827ac2f106__arc_rule_hypothesis.functions.py","G:\AnchorWorks_reasoning_toolbox_pull_list\extracted_function_fallbacks\arc_solver\2e827ac2f106__2e827ac2f106__arc_rule_hypothesis.functions.py","19346"
"copied_extracted","arc_solver","H:\arc_production_solver\arc_organ\arc_rule_engine.py","G:\New folder\Python_Reasoning_Functions_20260515_173222\functions_by_source\arc_solver\a8b18fef8c7f__a8b18fef8c7f__arc_rule_engine.functions.py","G:\AnchorWorks_reasoning_toolbox_pull_list\extracted_function_fallbacks\arc_solver\a8b18fef8c7f__a8b18fef8c7f__arc_rule_engine.functions.py","4945"
"copied_extracted","arc_solver","H:\arc_production_solver\arc_organ\arc_rule_applicator.py","G:\New folder\Python_Reasoning_Functions_20260515_173222\functions_by_source\arc_solver\b21a2b37bc5d__b21a2b37bc5d__arc_rule_applicator.functions.py","G:\AnchorWorks_reasoning_toolbox_pull_list\extracted_function_fallbacks\arc_solver\b21a2b37bc5d__b21a2b37bc5d__arc_rule_applicator.functions.py","12433"
"copied_extracted","arc_solver","H:\arc_production_solver\arc_organ\composition_engine.py","G:\New folder\Python_Reasoning_Functions_20260515_173222\functions_by_source\arc_solver\f922242d1192__f922242d1192__composition_engine.functions.py","G:\AnchorWorks_reasoning_toolbox_pull_list\extracted_function_fallbacks\arc_solver\f922242d1192__f922242d1192__composition_engine.functions.py","10692"
"copied_extracted","arc_solver","H:\arc_production_solver\arc_organ\prior_selector.py","G:\New folder\Python_Reasoning_Functions_20260515_173222\functions_by_source\arc_solver\1ba65a25538b__1ba65a25538b__prior_selector.functions.py","G:\AnchorWorks_reasoning_toolbox_pull_list\extracted_function_fallbacks\arc_solver\1ba65a25538b__1ba65a25538b__prior_selector.functions.py","7746"
"copied_extracted","arc_solver","H:\arc_production_solver\arc_organ\arc_resonance_state_v2.py","G:\New folder\Python_Reasoning_Functions_20260515_173222\functions_by_source\arc_solver\9c906318ce5d__9c906318ce5d__arc_resonance_state_v2.functions.py","G:\AnchorWorks_reasoning_toolbox_pull_list\extracted_function_fallbacks\arc_solver\9c906318ce5d__9c906318ce5d__arc_resonance_state_v2.functions.py","17353"
"copied_extracted","arc_solver","H:\arc_production_solver\arc_organ\pattern_engine.py","G:\New folder\Python_Reasoning_Functions_20260515_173222\functions_by_source\arc_solver\1f66ab63caa6__1f66ab63caa6__pattern_engine.functions.py","G:\AnchorWorks_reasoning_toolbox_pull_list\extracted_function_fallbacks\arc_solver\1f66ab63caa6__1f66ab63caa6__pattern_engine.functions.py","21950"
"copied_extracted","arc_solver","H:\arc_production_solver\arc_organ\arc_recognition_field.py","G:\New folder\Python_Reasoning_Functions_20260515_173222\functions_by_source\arc_solver\5f050450a35f__5f050450a35f__arc_recognition_field.functions.py","G:\AnchorWorks_reasoning_toolbox_pull_list\extracted_function_fallbacks\arc_solver\5f050450a35f__5f050450a35f__arc_recognition_field.functions.py","13035"
"copied_extracted","cortexos","F:\From removable drive\cortexos_organized\core_modules\topk_sparse_resonance.py","G:\New folder\Python_Reasoning_Functions_20260515_173222\functions_by_source\cortexos\27ef6d1d1bb5__27ef6d1d1bb5__topk_sparse_resonance.functions.py","G:\AnchorWorks_reasoning_toolbox_pull_list\extracted_function_fallbacks\cortexos\27ef6d1d1bb5__27ef6d1d1bb5__topk_sparse_resonance.functions.py","28370"
"copied_extracted","cortexos","F:\From removable drive\cortexos_organized\core_modules\context_engine.py","G:\New folder\Python_Reasoning_Functions_20260515_173222\functions_by_source\cortexos\39b10b6e16c5__39b10b6e16c5__context_engine.functions.py","G:\AnchorWorks_reasoning_toolbox_pull_list\extracted_function_fallbacks\cortexos\39b10b6e16c5__39b10b6e16c5__context_engine.functions.py","30711"
"copied_extracted","cortexos","F:\From removable drive\cortexos_organized\core_modules\trust_filter.py","G:\New folder\Python_Reasoning_Functions_20260515_173222\functions_by_source\cortexos\049d01a29e0c__049d01a29e0c__trust_filter.functions.py","G:\AnchorWorks_reasoning_toolbox_pull_list\extracted_function_fallbacks\cortexos\049d01a29e0c__049d01a29e0c__trust_filter.functions.py","32443"
"copied_extracted","cortexos","F:\From removable drive\cortexos_organized\core_modules\knowledge_reinforcer.py","G:\New folder\Python_Reasoning_Functions_20260515_173222\functions_by_source\cortexos\c0fbc283f01f__c0fbc283f01f__knowledge_reinforcer.functions.py","G:\AnchorWorks_reasoning_toolbox_pull_list\extracted_function_fallbacks\cortexos\c0fbc283f01f__c0fbc283f01f__knowledge_reinforcer.functions.py","42471"
"copied_extracted","cortexos","F:\From removable drive\cortexos_organized\core_modules\resonance_field.py","G:\New folder\Python_Reasoning_Functions_20260515_173222\functions_by_source\cortexos\68621cf30107__68621cf30107__resonance_field.functions.py","G:\AnchorWorks_reasoning_toolbox_pull_list\extracted_function_fallbacks\cortexos\68621cf30107__68621cf30107__resonance_field.functions.py","2132"
"copied_extracted","cortexos","F:\From removable drive\cortexos_organized\core_modules\resonance_reinforcer.py","G:\New folder\Python_Reasoning_Functions_20260515_173222\functions_by_source\cortexos\aea3a9abe9c2__aea3a9abe9c2__resonance_reinforcer.functions.py","G:\AnchorWorks_reasoning_toolbox_pull_list\extracted_function_fallbacks\cortexos\aea3a9abe9c2__aea3a9abe9c2__resonance_reinforcer.functions.py","32805"
"copied_extracted","compucog","H:\CompuCog\core\frame_to_grid.py","G:\New folder\Python_Reasoning_Functions_20260515_173222\functions_by_source\compucog\74147f9615b7__74147f9615b7__frame_to_grid.functions.py","G:\AnchorWorks_reasoning_toolbox_pull_list\extracted_function_fallbacks\compucog\74147f9615b7__74147f9615b7__frame_to_grid.functions.py","4162"
"copied_extracted","compucog","H:\CompuCog\memory\forge_memory\core\binary_log.py","G:\New folder\Python_Reasoning_Functions_20260515_173222\functions_by_source\compucog\84da29e6e0eb__84da29e6e0eb__binary_log.functions.py","G:\AnchorWorks_reasoning_toolbox_pull_list\extracted_function_fallbacks\compucog\84da29e6e0eb__84da29e6e0eb__binary_log.functions.py","10111"
"copied_extracted","compucog","H:\CompuCog\memory\forge_memory\query\query_layer.py","G:\New folder\Python_Reasoning_Functions_20260515_173222\functions_by_source\compucog\6495c1049b3d__6495c1049b3d__query_layer.functions.py","G:\AnchorWorks_reasoning_toolbox_pull_list\extracted_function_fallbacks\compucog\6495c1049b3d__6495c1049b3d__query_layer.functions.py","6606"
"copied_extracted","compucog","H:\CompuCog\memory\forge_memory\recognition\recognition_field.py","G:\New folder\Python_Reasoning_Functions_20260515_173222\functions_by_source\compucog\e8df3326fab3__e8df3326fab3__recognition_field.functions.py","G:\AnchorWorks_reasoning_toolbox_pull_list\extracted_function_fallbacks\compucog\e8df3326fab3__e8df3326fab3__recognition_field.functions.py","10209"
"copied_extracted","compucog","H:\CompuCog\memory\forge_memory\wal\pulse_writer.py","G:\New folder\Python_Reasoning_Functions_20260515_173222\functions_by_source\compucog\9e623d2ba26f__9e623d2ba26f__pulse_writer.functions.py","G:\AnchorWorks_reasoning_toolbox_pull_list\extracted_function_fallbacks\compucog\9e623d2ba26f__9e623d2ba26f__pulse_writer.functions.py","7556"
