"Priority","Category","Score","Family","OriginalPath","CopiedPath","Evidence"
"1","Active Python entrypoint","","clearbox","E:\clearbox-ai-studio-v2-main\bridges\clearbox_bridge_server.py","H:\AnchorWorks_reasoning_toolbox_pull_list\Machine_Log_Reasoners_CURATED_20260515_190413\files\active_python_entrypoints\2352a53a4a03__clearbox_bridge_server.py","Running process 15120"
"1","Active Python entrypoint","","clearbox","E:\clearbox-ai-studio-v2-main\scripts\citation_server.py","H:\AnchorWorks_reasoning_toolbox_pull_list\Machine_Log_Reasoners_CURATED_20260515_190413\files\active_python_entrypoints\0fc2de01b31a__citation_server.py","Running process 4320"
"1","Active Python entrypoint","","clearbox","e:\clearbox-ai-studio-v2-main\scripts\clearbox_tray.py","H:\AnchorWorks_reasoning_toolbox_pull_list\Machine_Log_Reasoners_CURATED_20260515_190413\files\active_python_entrypoints\aa932bf3e2ab__clearbox_tray.py","Running process 7540"
"1","Active Python entrypoint","","clearbox","E:\clearbox-ai-studio-v2-main\scripts\local_llm_server.py","H:\AnchorWorks_reasoning_toolbox_pull_list\Machine_Log_Reasoners_CURATED_20260515_190413\files\active_python_entrypoints\d0e9cdd52dd9__local_llm_server.py","Running process 2348"
"1","Active Python entrypoint","","clearbox","E:\clearbox-ai-studio-v2-main\ui\launch_ui_internal.py","H:\AnchorWorks_reasoning_toolbox_pull_list\Machine_Log_Reasoners_CURATED_20260515_190413\files\active_python_entrypoints\5087e392061d__launch_ui_internal.py","Running process 14428"
"2","Current Clearbox log/reason path","85","clearbox","E:\clearbox-ai-studio-v2-main\bridges\tool_defs.py","H:\AnchorWorks_reasoning_toolbox_pull_list\Machine_Log_Reasoners_CURATED_20260515_190413\files\high_confidence_log_reasoners\clearbox\125e866b1501__tool_defs.py","audit;capture;event;log;logger;logging;metric;metrics;observe;perf;sensor;session;telemetry | cpu;gpu;input;process;psutil;subprocess;system;win32 | diagnostic;model;pattern;reason;reasoning;score;summarize"
"2","Current Clearbox log/reason path","82","clearbox","E:\clearbox-ai-studio-v2-main\scripts\clearbox_install.py","H:\AnchorWorks_reasoning_toolbox_pull_list\Machine_Log_Reasoners_CURATED_20260515_190413\files\high_confidence_log_reasoners\clearbox\78ba79950339__clearbox_install.py","audit;capture;event;log;metric;observe;session;stream | cpu;gpu;input;keyboard;memory;process;psutil;socket;subprocess;system;win32;wmi | diagnostic;infer;inference;model;pattern;reason;reasoning"
"2","Current Clearbox log/reason path","80","clearbox","E:\clearbox-ai-studio-v2-main\scripts\local_llm_server.py","H:\AnchorWorks_reasoning_toolbox_pull_list\Machine_Log_Reasoners_CURATED_20260515_190413\files\high_confidence_log_reasoners\clearbox\d0e9cdd52dd9__local_llm_server.py","audit;daily_logger;event;history;log;logger;logging;perf;session;stream;trace | cpu;gpu;process;socket;system;trigger;win32 | infer;inference;model;reason;reasoning;score;summarize;summarizer"
"2","Current Clearbox log/reason path","71","clearbox","E:\clearbox-ai-studio-v2-main\bridges\helpers.py","H:\AnchorWorks_reasoning_toolbox_pull_list\Machine_Log_Reasoners_CURATED_20260515_190413\files\high_confidence_log_reasoners\clearbox\b3b49c76085e__helpers.py","activity;daily_logger;event;history;log;logger;logging;reasoning_log;session;telemetry;trace | input;memory;socket;system | decision;model;pattern;reason;reasoning;score;summarize;summarizer"
"2","Current Clearbox log/reason path","61","clearbox","E:\clearbox-ai-studio-v2-main\bridges\clearbox_bridge_server.py","H:\AnchorWorks_reasoning_toolbox_pull_list\Machine_Log_Reasoners_CURATED_20260515_190413\files\high_confidence_log_reasoners\clearbox\2352a53a4a03__clearbox_bridge_server.py","event;log;logger;logging;metric;metrics;observe;perf;pulse;trace | memory;socket;system | infer;inference;model;reason;reasoning"
"2","Current Clearbox log/reason path","56","clearbox","E:\clearbox-ai-studio-v2-main\Conversations\threads\daily_logger.py","H:\AnchorWorks_reasoning_toolbox_pull_list\Machine_Log_Reasoners_CURATED_20260515_190413\files\high_confidence_log_reasoners\clearbox\8eddbf84fd58__daily_logger.py","audit;daily_logger;event;log;logger;logging;session;stream | input;memory;process;subprocess;system;trigger | model;summarize;summarizer"
"2","Current Clearbox log/reason path","55","clearbox","E:\clearbox-ai-studio-v2-main\bridges\services\llm_chat_service.py","H:\AnchorWorks_reasoning_toolbox_pull_list\Machine_Log_Reasoners_CURATED_20260515_190413\files\high_confidence_log_reasoners\clearbox\7f3bea45d553__llm_chat_service.py","log;logger;perf;performance;reasoning_log;session;stream;telemetry;trace | cpu;gpu;system;trigger | infer;inference;model;predict;reason;reasoning;summarize"
"2","Current Clearbox log/reason path","49","clearbox","E:\clearbox-ai-studio-v2-main\core\lakespeak\ingest\pipeline.py","H:\AnchorWorks_reasoning_toolbox_pull_list\Machine_Log_Reasoners_CURATED_20260515_190413\files\high_confidence_log_reasoners\clearbox\a4c057d5b102__pipeline.py","binary_store;event;evidence_store;log;logger;logging;observe | gpu;input;memory;system | pattern;reason"
"2","Current Clearbox log/reason path","47","clearbox","E:\clearbox-ai-studio-v2-main\bridges\services\chain_executor.py","H:\AnchorWorks_reasoning_toolbox_pull_list\Machine_Log_Reasoners_CURATED_20260515_190413\files\high_confidence_log_reasoners\clearbox\79dc671e823d__chain_executor.py","log;logger;reasoning_log;session;stream;telemetry;trace | input;memory;socket;system | infer;inference;model;pattern;reason;reasoning;summarize"
"2","Current Clearbox log/reason path","46","clearbox","E:\clearbox-ai-studio-v2-main\Conversations\threads\reasoning_log.py","H:\AnchorWorks_reasoning_toolbox_pull_list\Machine_Log_Reasoners_CURATED_20260515_190413\files\high_confidence_log_reasoners\clearbox\9219f2cc2b41__reasoning_log.py","activity;capture;event;log;logger;logging;reasoning_log;trace | memory;system | model;reason;reasoning"
"2","Current Clearbox log/reason path","45","clearbox","E:\clearbox-ai-studio-v2-main\core\lakespeak\retrieval\query.py","H:\AnchorWorks_reasoning_toolbox_pull_list\Machine_Log_Reasoners_CURATED_20260515_190413\files\high_confidence_log_reasoners\clearbox\40ddd74c9ade__query.py","binary_store;event;log;logger;logging;session;trace | process;system | analyze;decision;evaluate;model;reason;score"
"2","Current Clearbox log/reason path","45","clearbox","E:\clearbox-ai-studio-v2-main\scripts\clearbox_tray.py","H:\AnchorWorks_reasoning_toolbox_pull_list\Machine_Log_Reasoners_CURATED_20260515_190413\files\high_confidence_log_reasoners\clearbox\aa932bf3e2ab__clearbox_tray.py","capture;event;log;logging;monitor;stream | ctypes;keyboard;netstat;process;socket;subprocess;system | diagnostic;model"
"2","Current Clearbox log/reason path","41","clearbox","E:\clearbox-ai-studio-v2-main\bridges\clearbox_bridge.py","H:\AnchorWorks_reasoning_toolbox_pull_list\Machine_Log_Reasoners_CURATED_20260515_190413\files\high_confidence_log_reasoners\clearbox\01949c103bbc__clearbox_bridge.py","binary_store;history;log;logger;logging;stream | cpu;gpu;memory | diagnostic;infer;inference;reason"
"2","Current Clearbox log/reason path","41","clearbox","E:\clearbox-ai-studio-v2-main\core\lakespeak\events\training_logger.py","H:\AnchorWorks_reasoning_toolbox_pull_list\Machine_Log_Reasoners_CURATED_20260515_190413\files\high_confidence_log_reasoners\clearbox\6557da6ad96a__training_logger.py","audit;event;log;logger;logging;session | system | decision;model;reason;score"
"2","Current Clearbox log/reason path","40","clearbox","E:\clearbox-ai-studio-v2-main\bridges\services\system_info.py","H:\AnchorWorks_reasoning_toolbox_pull_list\Machine_Log_Reasoners_CURATED_20260515_190413\files\high_confidence_log_reasoners\clearbox\4fc2868372c7__system_info.py","log;metric;metrics;stream | memory;process;psutil;socket;subprocess;system | model;predict;reason;reasoning"
"2","Current Clearbox log/reason path","40","clearbox","E:\clearbox-ai-studio-v2-main\Conversations\threads\lessons.py","H:\AnchorWorks_reasoning_toolbox_pull_list\Machine_Log_Reasoners_CURATED_20260515_190413\files\high_confidence_log_reasoners\clearbox\436f1e70f662__lessons.py","log;logger;logging;session;stream | memory;system;trigger | decision;model;summarize;summarizer"
"2","Current Clearbox log/reason path","40","clearbox","E:\clearbox-ai-studio-v2-main\Conversations\threads\map_manager.py","H:\AnchorWorks_reasoning_toolbox_pull_list\Machine_Log_Reasoners_CURATED_20260515_190413\files\high_confidence_log_reasoners\clearbox\8b883f54c2d1__map_manager.py","event;log;logger;logging;observe;stream | memory;system | infer;score"
"2","Current Clearbox log/reason path","39","clearbox","E:\clearbox-ai-studio-v2-main\security\gateway.py","H:\AnchorWorks_reasoning_toolbox_pull_list\Machine_Log_Reasoners_CURATED_20260515_190413\files\high_confidence_log_reasoners\clearbox\ff2d94902d54__gateway.py","audit;event;log;observe;session | input;memory;system;trigger | reason;reasoning"
"2","Current Clearbox log/reason path","38","clearbox","E:\clearbox-ai-studio-v2-main\Conversations\threads\summarizer.py","H:\AnchorWorks_reasoning_toolbox_pull_list\Machine_Log_Reasoners_CURATED_20260515_190413\files\high_confidence_log_reasoners\clearbox\31604230f476__summarizer.py","daily_logger;log;logger;logging;session;stream | system;trigger | decision;model;summarize;summarizer"
"2","Current Clearbox log/reason path","38","clearbox","E:\clearbox-ai-studio-v2-main\core\observe\catalog.py","H:\AnchorWorks_reasoning_toolbox_pull_list\Machine_Log_Reasoners_CURATED_20260515_190413\files\high_confidence_log_reasoners\clearbox\e0b77e7ebf84__catalog.py","log;observe;sensor | cpu;gpu;memory;network;packet;process;psutil;subprocess;system | model"
"2","Current Clearbox log/reason path","38","clearbox","E:\clearbox-ai-studio-v2-main\security\data_paths.py","H:\AnchorWorks_reasoning_toolbox_pull_list\Machine_Log_Reasoners_CURATED_20260515_190413\files\high_confidence_log_reasoners\clearbox\f5c9cf365bbc__data_paths.py","audit;event;history;log;logging;observe;session | memory | diagnostic;model;reason;reasoning"
"2","Current Clearbox log/reason path","37","clearbox","E:\clearbox-ai-studio-v2-main\core\lakespeak\events\eval_harness.py","H:\AnchorWorks_reasoning_toolbox_pull_list\Machine_Log_Reasoners_CURATED_20260515_190413\files\high_confidence_log_reasoners\clearbox\ba6cf0dd26ff__eval_harness.py","event;log;logger;logging;metric;metrics | mss | decision;evaluate;score"
"2","Current Clearbox log/reason path","36","clearbox","E:\clearbox-ai-studio-v2-main\bridges\routers\memory.py","H:\AnchorWorks_reasoning_toolbox_pull_list\Machine_Log_Reasoners_CURATED_20260515_190413\files\high_confidence_log_reasoners\clearbox\c78dc9daea9f__memory.py","log;logger;logging | memory;system;trigger | model;pattern;reason;reasoning;summarize;summarizer"
"2","Current Clearbox log/reason path","36","clearbox","E:\clearbox-ai-studio-v2-main\bridges\services\chat_pack_service.py","H:\AnchorWorks_reasoning_toolbox_pull_list\Machine_Log_Reasoners_CURATED_20260515_190413\files\high_confidence_log_reasoners\clearbox\25a27dbb232b__chat_pack_service.py","log;logger;perf;session;stream;telemetry;trace | gpu | infer;inference;model;predict;reason;reasoning"
"2","Current Clearbox log/reason path","36","clearbox","E:\clearbox-ai-studio-v2-main\core\reasoning_616\engine.py","H:\AnchorWorks_reasoning_toolbox_pull_list\Machine_Log_Reasoners_CURATED_20260515_190413\files\high_confidence_log_reasoners\clearbox\6a8eeff1be1a__engine.py","evidence_store;log;logger;logging;metric;metrics | input;process | classif;reason;reasoning;score"
"2","Current Clearbox log/reason path","35","clearbox","E:\clearbox-ai-studio-v2-main\bridges\services\inference.py","H:\AnchorWorks_reasoning_toolbox_pull_list\Machine_Log_Reasoners_CURATED_20260515_190413\files\high_confidence_log_reasoners\clearbox\c7c4331c1985__inference.py","log;logger;logging;stream;trace | input;system | infer;inference;model;predict;reason;reasoning"
"2","Current Clearbox log/reason path","35","clearbox","E:\clearbox-ai-studio-v2-main\core\observe\resolver.py","H:\AnchorWorks_reasoning_toolbox_pull_list\Machine_Log_Reasoners_CURATED_20260515_190413\files\high_confidence_log_reasoners\clearbox\4eb0467a8aae__resolver.py","log;observe;perf;performance;sensor | cpu;gpu;memory;network;process;system | pattern"
"2","Current Clearbox log/reason path","32","clearbox","E:\clearbox-ai-studio-v2-main\scripts\citation_server.py","H:\AnchorWorks_reasoning_toolbox_pull_list\Machine_Log_Reasoners_CURATED_20260515_190413\files\high_confidence_log_reasoners\clearbox\0fc2de01b31a__citation_server.py","binary_store;log;logger;logging;trace | win32 | model;reason;score"
"2","Current Clearbox log/reason path","31","clearbox","E:\clearbox-ai-studio-v2-main\bridges\routers\chat.py","H:\AnchorWorks_reasoning_toolbox_pull_list\Machine_Log_Reasoners_CURATED_20260515_190413\files\high_confidence_log_reasoners\clearbox\0491907e2c5b__chat.py","history;log;logger;logging;telemetry;trace | socket | infer;inference;model;reason;reasoning"
"2","Current Clearbox log/reason path","31","clearbox","E:\clearbox-ai-studio-v2-main\bridges\routers\control.py","H:\AnchorWorks_reasoning_toolbox_pull_list\Machine_Log_Reasoners_CURATED_20260515_190413\files\high_confidence_log_reasoners\clearbox\d166798e25d8__control.py","event;history;log;session;telemetry;trace | system | model;reason;reasoning"
"3","Machine/input/network collector","75","compucog","H:\_BACKUPS\CompuCog_20260130_070311\CompuCog_Visual_v2 POSSIBLE KEEPER\loggers\input_logger.py","H:\AnchorWorks_reasoning_toolbox_pull_list\Machine_Log_Reasoners_CURATED_20260515_190413\files\machine_collectors_loggers\compucog\6cf79882f4d3__input_logger.py","camera;ctypes;input;keyboard;mouse;movement;process;psutil;system;webcam;win32 | "
"3","Machine/input/network collector","75","compucog","H:\_BACKUPS\CompuCog_20260130_070545\CompuCog_Visual_v2 POSSIBLE KEEPER\loggers\input_logger.py","H:\AnchorWorks_reasoning_toolbox_pull_list\Machine_Log_Reasoners_CURATED_20260515_190413\files\machine_collectors_loggers\compucog\afa2a7fd39e7__input_logger.py","camera;ctypes;input;keyboard;mouse;movement;process;psutil;system;webcam;win32 | "
"3","Machine/input/network collector","75","compucog","H:\_BACKUPS\CompuCog_20260130_070757\CompuCog_Visual_v2 POSSIBLE KEEPER\loggers\input_logger.py","H:\AnchorWorks_reasoning_toolbox_pull_list\Machine_Log_Reasoners_CURATED_20260515_190413\files\machine_collectors_loggers\compucog\5ff3e7caf4f5__input_logger.py","camera;ctypes;input;keyboard;mouse;movement;process;psutil;system;webcam;win32 | "
"3","Machine/input/network collector","75","compucog","H:\_BACKUPS\CompuCog_20260130_071141\CompuCog_Visual_v2 POSSIBLE KEEPER\loggers\input_logger.py","H:\AnchorWorks_reasoning_toolbox_pull_list\Machine_Log_Reasoners_CURATED_20260515_190413\files\machine_collectors_loggers\compucog\f2ba205d1fef__input_logger.py","camera;ctypes;input;keyboard;mouse;movement;process;psutil;system;webcam;win32 | "
"3","Machine/input/network collector","75","compucog","H:\_BACKUPS\CompuCog_20260130_071835\CompuCog_Visual_v2_POSSIBLE_KEEPER\loggers\input_logger.py","H:\AnchorWorks_reasoning_toolbox_pull_list\Machine_Log_Reasoners_CURATED_20260515_190413\files\machine_collectors_loggers\compucog\91e6af709d4b__input_logger.py","camera;ctypes;input;keyboard;mouse;movement;process;psutil;system;webcam;win32 | "
"3","Machine/input/network collector","75","compucog","H:\CompuCog\loggers\input_logger.py","H:\AnchorWorks_reasoning_toolbox_pull_list\Machine_Log_Reasoners_CURATED_20260515_190413\files\machine_collectors_loggers\compucog\ed939ed76636__input_logger.py","camera;ctypes;input;keyboard;mouse;movement;process;psutil;system;webcam;win32 | "
"3","Machine/input/network collector","72","reaper","F:\DESKTOP PYTHON 6_17_25\reaper-phase4-complete\reaper-engine\reaper_network_analyzer.py","H:\AnchorWorks_reasoning_toolbox_pull_list\Machine_Log_Reasoners_CURATED_20260515_190413\files\high_confidence_log_reasoners\reaper\0703845f3a7c__reaper_network_analyzer.py","memory;movement;netstat;network;process;subprocess;system | "
"3","Machine/input/network collector","68","reaper","F:\DESKTOP PYTHON 6_17_25\reaper-phase4-complete\reaper-engine\live_packet_capture.py","H:\AnchorWorks_reasoning_toolbox_pull_list\Machine_Log_Reasoners_CURATED_20260515_190413\files\high_confidence_log_reasoners\reaper\5f853eac7829__live_packet_capture.py","keyboard;netstat;network;packet;process;subprocess;system;tasklist | packet capture"
"3","Machine/input/network collector","67","misc","F:\New folder\multi_logger_coordinator.py","H:\AnchorWorks_reasoning_toolbox_pull_list\Machine_Log_Reasoners_CURATED_20260515_190413\files\high_confidence_log_reasoners\misc\891bb07bf649__multi_logger_coordinator.py","ads_detector;camera;camera_movement;keyboard;memory;movement;process;system;trigger | "
"3","Machine/input/network collector","65","misc","F:\New folder\performance_logger_v3.py","H:\AnchorWorks_reasoning_toolbox_pull_list\Machine_Log_Reasoners_CURATED_20260515_190413\files\high_confidence_log_reasoners\misc\3fd4eba4c24c__performance_logger_v3.py","camera;input;keyboard;movement;process;system;trigger | "
"3","Machine/input/network collector","61","misc","F:\New folder\performance_logger_monolith.py","H:\AnchorWorks_reasoning_toolbox_pull_list\Machine_Log_Reasoners_CURATED_20260515_190413\files\high_confidence_log_reasoners\misc\49691a6f0864__performance_logger_monolith.py","camera;keyboard;movement;process;system;trigger | "
"3","Machine/input/network collector","61","compucog","H:\_BACKUPS\CompuCog_20260130_070311\CompuCog_Visual_v2 POSSIBLE KEEPER\loggers\process_logger.py","H:\AnchorWorks_reasoning_toolbox_pull_list\Machine_Log_Reasoners_CURATED_20260515_190413\files\high_confidence_log_reasoners\compucog\add92b163025__process_logger.py","keyboard;mss;network;process;psutil;system;trigger;wmi | "
"3","Machine/input/network collector","61","compucog","H:\_BACKUPS\CompuCog_20260130_070545\CompuCog_Visual_v2 POSSIBLE KEEPER\loggers\process_logger.py","H:\AnchorWorks_reasoning_toolbox_pull_list\Machine_Log_Reasoners_CURATED_20260515_190413\files\high_confidence_log_reasoners\compucog\76039e58ed92__process_logger.py","keyboard;mss;network;process;psutil;system;trigger;wmi | "
"3","Machine/input/network collector","61","compucog","H:\_BACKUPS\CompuCog_20260130_070757\CompuCog_Visual_v2 POSSIBLE KEEPER\loggers\process_logger.py","H:\AnchorWorks_reasoning_toolbox_pull_list\Machine_Log_Reasoners_CURATED_20260515_190413\files\high_confidence_log_reasoners\compucog\37e3a404c0e5__process_logger.py","keyboard;mss;network;process;psutil;system;trigger;wmi | "
"3","Machine/input/network collector","61","compucog","H:\_BACKUPS\CompuCog_20260130_071141\CompuCog_Visual_v2 POSSIBLE KEEPER\loggers\process_logger.py","H:\AnchorWorks_reasoning_toolbox_pull_list\Machine_Log_Reasoners_CURATED_20260515_190413\files\high_confidence_log_reasoners\compucog\f65e2197b3e7__process_logger.py","keyboard;mss;network;process;psutil;system;trigger;wmi | "
"3","Machine/input/network collector","61","compucog","H:\_BACKUPS\CompuCog_20260130_071835\CompuCog_Visual_v2_POSSIBLE_KEEPER\loggers\process_logger.py","H:\AnchorWorks_reasoning_toolbox_pull_list\Machine_Log_Reasoners_CURATED_20260515_190413\files\high_confidence_log_reasoners\compucog\7db369d2bc38__process_logger.py","keyboard;mss;network;process;psutil;system;trigger;wmi | "
"3","Machine/input/network collector","61","compucog","H:\CompuCog\loggers\process_logger.py","H:\AnchorWorks_reasoning_toolbox_pull_list\Machine_Log_Reasoners_CURATED_20260515_190413\files\high_confidence_log_reasoners\compucog\1ed61277b023__process_logger.py","keyboard;mss;network;process;psutil;system;trigger;wmi | "
"3","Machine/input/network collector","60","misc","F:\New folder\performance_logger_v2.py","H:\AnchorWorks_reasoning_toolbox_pull_list\Machine_Log_Reasoners_CURATED_20260515_190413\files\high_confidence_log_reasoners\misc\825f319c8fa3__performance_logger_v2.py","camera;keyboard;movement;process;system;trigger | "
"3","Machine/input/network collector","57","misc","F:\New folder\activity_logger.py","H:\AnchorWorks_reasoning_toolbox_pull_list\Machine_Log_Reasoners_CURATED_20260515_190413\files\machine_collectors_loggers\misc\e629795c19da__activity_logger.py","ctypes;input;keyboard;mouse;process;psutil;system;win32 | "
"3","Machine/input/network collector","57","compucog","H:\_BACKUPS\CompuCog_20260130_070311\CompuCog_Visual_v2 POSSIBLE KEEPER\loggers\activity_logger.py","H:\AnchorWorks_reasoning_toolbox_pull_list\Machine_Log_Reasoners_CURATED_20260515_190413\files\machine_collectors_loggers\compucog\831988dcb2f3__activity_logger.py","ctypes;input;keyboard;mouse;process;psutil;system;win32 | "
"3","Machine/input/network collector","57","compucog","H:\_BACKUPS\CompuCog_20260130_070545\CompuCog_Visual_v2 POSSIBLE KEEPER\loggers\activity_logger.py","H:\AnchorWorks_reasoning_toolbox_pull_list\Machine_Log_Reasoners_CURATED_20260515_190413\files\machine_collectors_loggers\compucog\6169b93fdd03__activity_logger.py","ctypes;input;keyboard;mouse;process;psutil;system;win32 | "
"3","Machine/input/network collector","57","compucog","H:\_BACKUPS\CompuCog_20260130_070757\CompuCog_Visual_v2 POSSIBLE KEEPER\loggers\activity_logger.py","H:\AnchorWorks_reasoning_toolbox_pull_list\Machine_Log_Reasoners_CURATED_20260515_190413\files\machine_collectors_loggers\compucog\cd10e8364dbe__activity_logger.py","ctypes;input;keyboard;mouse;process;psutil;system;win32 | "
"3","Machine/input/network collector","57","compucog","H:\_BACKUPS\CompuCog_20260130_071141\CompuCog_Visual_v2 POSSIBLE KEEPER\loggers\activity_logger.py","H:\AnchorWorks_reasoning_toolbox_pull_list\Machine_Log_Reasoners_CURATED_20260515_190413\files\machine_collectors_loggers\compucog\b671f5898d8b__activity_logger.py","ctypes;input;keyboard;mouse;process;psutil;system;win32 | "
"3","Machine/input/network collector","57","compucog","H:\_BACKUPS\CompuCog_20260130_071835\CompuCog_Visual_v2_POSSIBLE_KEEPER\loggers\activity_logger.py","H:\AnchorWorks_reasoning_toolbox_pull_list\Machine_Log_Reasoners_CURATED_20260515_190413\files\machine_collectors_loggers\compucog\ea221e224ae5__activity_logger.py","ctypes;input;keyboard;mouse;process;psutil;system;win32 | "
"3","Machine/input/network collector","57","compucog","H:\CompuCog\loggers\activity_logger.py","H:\AnchorWorks_reasoning_toolbox_pull_list\Machine_Log_Reasoners_CURATED_20260515_190413\files\machine_collectors_loggers\compucog\6e5b40b2dc03__activity_logger.py","ctypes;input;keyboard;mouse;process;psutil;system;win32 | "
"3","Machine/input/network collector","55","compucog","H:\_BACKUPS\CompuCog_20260130_070311\CompuCog_Visual_v2 POSSIBLE KEEPER\compucog\event_system\adapters\input_logger_adapter.py","H:\AnchorWorks_reasoning_toolbox_pull_list\Machine_Log_Reasoners_CURATED_20260515_190413\files\machine_collectors_loggers\compucog\046b7066ac67__input_logger_adapter.py","ctypes;input;keyboard;mouse;process;subprocess;system;win32 | "
"3","Machine/input/network collector","55","compucog","H:\_BACKUPS\CompuCog_20260130_070311\CompuCog_Visual_v2 POSSIBLE KEEPER\event_system\input_logger_adapter.py","H:\AnchorWorks_reasoning_toolbox_pull_list\Machine_Log_Reasoners_CURATED_20260515_190413\files\machine_collectors_loggers\compucog\affde0858f7a__input_logger_adapter.py","ctypes;input;keyboard;mouse;process;subprocess;system;win32 | "
"3","Machine/input/network collector","55","compucog","H:\_BACKUPS\CompuCog_20260130_070545\CompuCog_Visual_v2 POSSIBLE KEEPER\compucog\event_system\adapters\input_logger_adapter.py","H:\AnchorWorks_reasoning_toolbox_pull_list\Machine_Log_Reasoners_CURATED_20260515_190413\files\machine_collectors_loggers\compucog\e3fb322e8aa1__input_logger_adapter.py","ctypes;input;keyboard;mouse;process;subprocess;system;win32 | "
"3","Machine/input/network collector","55","compucog","H:\_BACKUPS\CompuCog_20260130_070545\CompuCog_Visual_v2 POSSIBLE KEEPER\event_system\input_logger_adapter.py","H:\AnchorWorks_reasoning_toolbox_pull_list\Machine_Log_Reasoners_CURATED_20260515_190413\files\machine_collectors_loggers\compucog\93a2c2a86249__input_logger_adapter.py","ctypes;input;keyboard;mouse;process;subprocess;system;win32 | "
"3","Machine/input/network collector","55","compucog","H:\_BACKUPS\CompuCog_20260130_070757\CompuCog_Visual_v2 POSSIBLE KEEPER\compucog\event_system\adapters\input_logger_adapter.py","H:\AnchorWorks_reasoning_toolbox_pull_list\Machine_Log_Reasoners_CURATED_20260515_190413\files\machine_collectors_loggers\compucog\fb4551960995__input_logger_adapter.py","ctypes;input;keyboard;mouse;process;subprocess;system;win32 | "
"3","Machine/input/network collector","55","compucog","H:\_BACKUPS\CompuCog_20260130_070757\CompuCog_Visual_v2 POSSIBLE KEEPER\event_system\input_logger_adapter.py","H:\AnchorWorks_reasoning_toolbox_pull_list\Machine_Log_Reasoners_CURATED_20260515_190413\files\machine_collectors_loggers\compucog\6e8c52ea3d0d__input_logger_adapter.py","ctypes;input;keyboard;mouse;process;subprocess;system;win32 | "
"3","Machine/input/network collector","55","compucog","H:\_BACKUPS\CompuCog_20260130_071141\CompuCog_Visual_v2 POSSIBLE KEEPER\compucog\event_system\adapters\input_logger_adapter.py","H:\AnchorWorks_reasoning_toolbox_pull_list\Machine_Log_Reasoners_CURATED_20260515_190413\files\machine_collectors_loggers\compucog\aacc0c0d9b88__input_logger_adapter.py","ctypes;input;keyboard;mouse;process;subprocess;system;win32 | "
"3","Machine/input/network collector","55","compucog","H:\_BACKUPS\CompuCog_20260130_071141\CompuCog_Visual_v2 POSSIBLE KEEPER\event_system\input_logger_adapter.py","H:\AnchorWorks_reasoning_toolbox_pull_list\Machine_Log_Reasoners_CURATED_20260515_190413\files\machine_collectors_loggers\compucog\318583b94c79__input_logger_adapter.py","ctypes;input;keyboard;mouse;process;subprocess;system;win32 | "
"3","Machine/input/network collector","55","compucog","H:\_BACKUPS\CompuCog_20260130_071835\CompuCog_Visual_v2_POSSIBLE_KEEPER\compucog\event_system\adapters\input_logger_adapter.py","H:\AnchorWorks_reasoning_toolbox_pull_list\Machine_Log_Reasoners_CURATED_20260515_190413\files\machine_collectors_loggers\compucog\4c90b77e791a__input_logger_adapter.py","ctypes;input;keyboard;mouse;process;subprocess;system;win32 | "
"3","Machine/input/network collector","55","compucog","H:\_BACKUPS\CompuCog_20260130_071835\CompuCog_Visual_v2_POSSIBLE_KEEPER\event_system\input_logger_adapter.py","H:\AnchorWorks_reasoning_toolbox_pull_list\Machine_Log_Reasoners_CURATED_20260515_190413\files\machine_collectors_loggers\compucog\c62f3a65e6b5__input_logger_adapter.py","ctypes;input;keyboard;mouse;process;subprocess;system;win32 | "
"3","Machine/input/network collector","55","compucog","H:\CompuCog\compucog\event_system\adapters\input_logger_adapter.py","H:\AnchorWorks_reasoning_toolbox_pull_list\Machine_Log_Reasoners_CURATED_20260515_190413\files\machine_collectors_loggers\compucog\c8fdae047c49__input_logger_adapter.py","ctypes;input;keyboard;mouse;process;subprocess;system;win32 | "
"3","Machine/input/network collector","55","compucog","H:\CompuCog\event_system\input_logger_adapter.py","H:\AnchorWorks_reasoning_toolbox_pull_list\Machine_Log_Reasoners_CURATED_20260515_190413\files\machine_collectors_loggers\compucog\5e06fc6b74ac__input_logger_adapter.py","ctypes;input;keyboard;mouse;process;subprocess;system;win32 | "
"3","Machine/input/network collector","52","reaper","F:\DESKTOP PYTHON 6_17_25\reaper-phase4-complete\reaper_network_analyzer.py","H:\AnchorWorks_reasoning_toolbox_pull_list\Machine_Log_Reasoners_CURATED_20260515_190413\files\high_confidence_log_reasoners\reaper\91d8cb9bb4b8__reaper_network_analyzer.py","memory;netstat;network;packet;process;system | "
"3","Machine/input/network collector","52","compucog","H:\_BACKUPS\CompuCog_20260130_070311\CompuCog_Visual_v2 POSSIBLE KEEPER\compucog\event_system\adapters\activity_logger_adapter.py","H:\AnchorWorks_reasoning_toolbox_pull_list\Machine_Log_Reasoners_CURATED_20260515_190413\files\machine_collectors_loggers\compucog\fbe8c030ce44__activity_logger_adapter.py","ctypes;input;keyboard;mouse;process;psutil;subprocess;system;win32 | "
"3","Machine/input/network collector","52","compucog","H:\_BACKUPS\CompuCog_20260130_070311\CompuCog_Visual_v2 POSSIBLE KEEPER\event_system\activity_logger_adapter.py","H:\AnchorWorks_reasoning_toolbox_pull_list\Machine_Log_Reasoners_CURATED_20260515_190413\files\machine_collectors_loggers\compucog\5a46a49877f7__activity_logger_adapter.py","ctypes;input;keyboard;mouse;process;psutil;subprocess;system;win32 | "
"3","Machine/input/network collector","52","compucog","H:\_BACKUPS\CompuCog_20260130_070545\CompuCog_Visual_v2 POSSIBLE KEEPER\compucog\event_system\adapters\activity_logger_adapter.py","H:\AnchorWorks_reasoning_toolbox_pull_list\Machine_Log_Reasoners_CURATED_20260515_190413\files\machine_collectors_loggers\compucog\c5b20d9e1c8b__activity_logger_adapter.py","ctypes;input;keyboard;mouse;process;psutil;subprocess;system;win32 | "
"3","Machine/input/network collector","52","compucog","H:\_BACKUPS\CompuCog_20260130_070545\CompuCog_Visual_v2 POSSIBLE KEEPER\event_system\activity_logger_adapter.py","H:\AnchorWorks_reasoning_toolbox_pull_list\Machine_Log_Reasoners_CURATED_20260515_190413\files\machine_collectors_loggers\compucog\8cb3d639949c__activity_logger_adapter.py","ctypes;input;keyboard;mouse;process;psutil;subprocess;system;win32 | "
"3","Machine/input/network collector","52","compucog","H:\_BACKUPS\CompuCog_20260130_070757\CompuCog_Visual_v2 POSSIBLE KEEPER\compucog\event_system\adapters\activity_logger_adapter.py","H:\AnchorWorks_reasoning_toolbox_pull_list\Machine_Log_Reasoners_CURATED_20260515_190413\files\machine_collectors_loggers\compucog\b9e6eaa38c35__activity_logger_adapter.py","ctypes;input;keyboard;mouse;process;psutil;subprocess;system;win32 | "
"3","Machine/input/network collector","52","compucog","H:\_BACKUPS\CompuCog_20260130_070757\CompuCog_Visual_v2 POSSIBLE KEEPER\event_system\activity_logger_adapter.py","H:\AnchorWorks_reasoning_toolbox_pull_list\Machine_Log_Reasoners_CURATED_20260515_190413\files\machine_collectors_loggers\compucog\b7467bea9fb4__activity_logger_adapter.py","ctypes;input;keyboard;mouse;process;psutil;subprocess;system;win32 | "
"3","Machine/input/network collector","52","compucog","H:\_BACKUPS\CompuCog_20260130_071141\CompuCog_Visual_v2 POSSIBLE KEEPER\compucog\event_system\adapters\activity_logger_adapter.py","H:\AnchorWorks_reasoning_toolbox_pull_list\Machine_Log_Reasoners_CURATED_20260515_190413\files\machine_collectors_loggers\compucog\bd4605bc7a12__activity_logger_adapter.py","ctypes;input;keyboard;mouse;process;psutil;subprocess;system;win32 | "
"3","Machine/input/network collector","52","compucog","H:\_BACKUPS\CompuCog_20260130_071141\CompuCog_Visual_v2 POSSIBLE KEEPER\event_system\activity_logger_adapter.py","H:\AnchorWorks_reasoning_toolbox_pull_list\Machine_Log_Reasoners_CURATED_20260515_190413\files\machine_collectors_loggers\compucog\e658e8da8f8f__activity_logger_adapter.py","ctypes;input;keyboard;mouse;process;psutil;subprocess;system;win32 | "
"3","Machine/input/network collector","52","compucog","H:\_BACKUPS\CompuCog_20260130_071835\CompuCog_Visual_v2_POSSIBLE_KEEPER\compucog\event_system\adapters\activity_logger_adapter.py","H:\AnchorWorks_reasoning_toolbox_pull_list\Machine_Log_Reasoners_CURATED_20260515_190413\files\machine_collectors_loggers\compucog\edb28e13d355__activity_logger_adapter.py","ctypes;input;keyboard;mouse;process;psutil;subprocess;system;win32 | "
"3","Machine/input/network collector","52","compucog","H:\_BACKUPS\CompuCog_20260130_071835\CompuCog_Visual_v2_POSSIBLE_KEEPER\event_system\activity_logger_adapter.py","H:\AnchorWorks_reasoning_toolbox_pull_list\Machine_Log_Reasoners_CURATED_20260515_190413\files\machine_collectors_loggers\compucog\f62ec8be1910__activity_logger_adapter.py","ctypes;input;keyboard;mouse;process;psutil;subprocess;system;win32 | "
"3","Machine/input/network collector","52","compucog","H:\CompuCog\compucog\event_system\adapters\activity_logger_adapter.py","H:\AnchorWorks_reasoning_toolbox_pull_list\Machine_Log_Reasoners_CURATED_20260515_190413\files\machine_collectors_loggers\compucog\7ddbbc445fcf__activity_logger_adapter.py","ctypes;input;keyboard;mouse;process;psutil;subprocess;system;win32 | "
"3","Machine/input/network collector","52","compucog","H:\CompuCog\event_system\activity_logger_adapter.py","H:\AnchorWorks_reasoning_toolbox_pull_list\Machine_Log_Reasoners_CURATED_20260515_190413\files\machine_collectors_loggers\compucog\d24910944ce5__activity_logger_adapter.py","ctypes;input;keyboard;mouse;process;psutil;subprocess;system;win32 | "
"3","Machine/input/network collector","45","misc","F:\New folder\camera_movement_logger.py","H:\AnchorWorks_reasoning_toolbox_pull_list\Machine_Log_Reasoners_CURATED_20260515_190413\files\high_confidence_log_reasoners\misc\3461934eba56__camera_movement_logger.py","camera;camera_movement;keyboard;movement;system | "
"3","Machine/input/network collector","45","compucog","H:\_BACKUPS\CompuCog_20260130_070311\CompuCog_Visual_v2 POSSIBLE KEEPER\compucog\event_system\adapters\process_logger_adapter.py","H:\AnchorWorks_reasoning_toolbox_pull_list\Machine_Log_Reasoners_CURATED_20260515_190413\files\high_confidence_log_reasoners\compucog\dadf93447388__process_logger_adapter.py","mss;network;process;psutil;subprocess;system;wmi | "
"3","Machine/input/network collector","45","compucog","H:\_BACKUPS\CompuCog_20260130_070311\CompuCog_Visual_v2 POSSIBLE KEEPER\event_system\process_logger_adapter.py","H:\AnchorWorks_reasoning_toolbox_pull_list\Machine_Log_Reasoners_CURATED_20260515_190413\files\high_confidence_log_reasoners\compucog\e2cd47da85dc__process_logger_adapter.py","mss;network;process;psutil;subprocess;system;wmi | "
"3","Machine/input/network collector","45","compucog","H:\_BACKUPS\CompuCog_20260130_070545\CompuCog_Visual_v2 POSSIBLE KEEPER\compucog\event_system\adapters\process_logger_adapter.py","H:\AnchorWorks_reasoning_toolbox_pull_list\Machine_Log_Reasoners_CURATED_20260515_190413\files\high_confidence_log_reasoners\compucog\1355cf58921a__process_logger_adapter.py","mss;network;process;psutil;subprocess;system;wmi | "
"3","Machine/input/network collector","45","compucog","H:\_BACKUPS\CompuCog_20260130_070545\CompuCog_Visual_v2 POSSIBLE KEEPER\event_system\process_logger_adapter.py","H:\AnchorWorks_reasoning_toolbox_pull_list\Machine_Log_Reasoners_CURATED_20260515_190413\files\high_confidence_log_reasoners\compucog\7f43be166e22__process_logger_adapter.py","mss;network;process;psutil;subprocess;system;wmi | "
"3","Machine/input/network collector","45","compucog","H:\_BACKUPS\CompuCog_20260130_070757\CompuCog_Visual_v2 POSSIBLE KEEPER\compucog\event_system\adapters\process_logger_adapter.py","H:\AnchorWorks_reasoning_toolbox_pull_list\Machine_Log_Reasoners_CURATED_20260515_190413\files\high_confidence_log_reasoners\compucog\a8579ff8a134__process_logger_adapter.py","mss;network;process;psutil;subprocess;system;wmi | "
"3","Machine/input/network collector","45","compucog","H:\_BACKUPS\CompuCog_20260130_070757\CompuCog_Visual_v2 POSSIBLE KEEPER\event_system\process_logger_adapter.py","H:\AnchorWorks_reasoning_toolbox_pull_list\Machine_Log_Reasoners_CURATED_20260515_190413\files\high_confidence_log_reasoners\compucog\074317fe5b75__process_logger_adapter.py","mss;network;process;psutil;subprocess;system;wmi | "
"3","Machine/input/network collector","45","compucog","H:\_BACKUPS\CompuCog_20260130_071141\CompuCog_Visual_v2 POSSIBLE KEEPER\compucog\event_system\adapters\process_logger_adapter.py","H:\AnchorWorks_reasoning_toolbox_pull_list\Machine_Log_Reasoners_CURATED_20260515_190413\files\high_confidence_log_reasoners\compucog\0c4d5b1353e6__process_logger_adapter.py","mss;network;process;psutil;subprocess;system;wmi | "
"3","Machine/input/network collector","45","compucog","H:\_BACKUPS\CompuCog_20260130_071141\CompuCog_Visual_v2 POSSIBLE KEEPER\event_system\process_logger_adapter.py","H:\AnchorWorks_reasoning_toolbox_pull_list\Machine_Log_Reasoners_CURATED_20260515_190413\files\high_confidence_log_reasoners\compucog\2de406b179b2__process_logger_adapter.py","mss;network;process;psutil;subprocess;system;wmi | "
"3","Machine/input/network collector","45","compucog","H:\_BACKUPS\CompuCog_20260130_071835\CompuCog_Visual_v2_POSSIBLE_KEEPER\compucog\event_system\adapters\process_logger_adapter.py","H:\AnchorWorks_reasoning_toolbox_pull_list\Machine_Log_Reasoners_CURATED_20260515_190413\files\high_confidence_log_reasoners\compucog\5d41d9d0323d__process_logger_adapter.py","mss;network;process;psutil;subprocess;system;wmi | "
"4","Sensitive collector signal","68","reaper","F:\DESKTOP PYTHON 6_17_25\reaper-phase4-complete\reaper-engine\live_packet_capture.py","H:\AnchorWorks_reasoning_toolbox_pull_list\Machine_Log_Reasoners_CURATED_20260515_190413\files\high_confidence_log_reasoners\reaper\5f853eac7829__live_packet_capture.py","packet capture"
"4","Sensitive collector signal","57","clearbox","F:\Desktop 812025\Desktop Files 7_26_25\Embedding Reasoning Trees in Token-Based AI Generation\Clearbox-AI-Plugin-Runner-main\Clearbox-AI-Plugin-Runner-main\claude_sandbox\plugins\visual_io\core\worker.py","H:\AnchorWorks_reasoning_toolbox_pull_list\Machine_Log_Reasoners_CURATED_20260515_190413\files\high_confidence_log_reasoners\clearbox\ec2c9bd2f15a__worker.py","mss(;screen capture"
"4","Sensitive collector signal","53","clearbox","E:\Clearbox-AI-Plugin-Runner-main\Clearbox-AI-Plugin-Runner-main\claude_sandbox\plugins\visual_io\core\worker.py","H:\AnchorWorks_reasoning_toolbox_pull_list\Machine_Log_Reasoners_CURATED_20260515_190413\files\machine_collectors_loggers\clearbox\468dc2a03d83__worker.py","mss(;screen capture"
"4","Sensitive collector signal","46","misc","F:\Role-Based Access Control with Encryption and JWT\video_processor.py","H:\AnchorWorks_reasoning_toolbox_pull_list\Machine_Log_Reasoners_CURATED_20260515_190413\files\high_confidence_log_reasoners\misc\801993729953__video_processor.py","cv2.videocapture"
"4","Sensitive collector signal","44","clearbox","F:\Desktop 812025\Desktop Files 7_26_25\Embedding Reasoning Trees in Token-Based AI Generation\Clearbox-AI-Plugin-Runner-main\Clearbox-AI-Plugin-Runner-main\claude_sandbox\plugins\netlog\core\worker.py","H:\AnchorWorks_reasoning_toolbox_pull_list\Machine_Log_Reasoners_CURATED_20260515_190413\files\high_confidence_log_reasoners\clearbox\b80139279d84__worker.py","packet capture"
"4","Sensitive collector signal","42","arc_solver","H:\arc_production_solver\cod_616\modules\yolo_detector.py","H:\AnchorWorks_reasoning_toolbox_pull_list\Machine_Log_Reasoners_CURATED_20260515_190413\files\high_confidence_log_reasoners\arc_solver\d76b22e2aaa6__yolo_detector.py","cv2.videocapture"
"4","Sensitive collector signal","40","clearbox","E:\Clearbox-AI-Plugin-Runner-main\Clearbox-AI-Plugin-Runner-main\claude_sandbox\plugins\netlog\core\worker.py","H:\AnchorWorks_reasoning_toolbox_pull_list\Machine_Log_Reasoners_CURATED_20260515_190413\files\machine_collectors_loggers\clearbox\d5670a5e0366__worker.py","packet capture"
"4","Sensitive collector signal","36","arc_solver","H:\arc_production_solver\cod_616\modules\screen_grid_mapper.py","H:\AnchorWorks_reasoning_toolbox_pull_list\Machine_Log_Reasoners_CURATED_20260515_190413\files\machine_collectors_loggers\arc_solver\4aab062f0dca__screen_grid_mapper.py","mss(;screen capture;screenshot"
"4","Sensitive collector signal","35","compucog","H:\_BACKUPS\CompuCog_20260130_070311\CompuCog_Visual_v2 POSSIBLE KEEPER\core\frame_to_grid.py","H:\AnchorWorks_reasoning_toolbox_pull_list\Machine_Log_Reasoners_CURATED_20260515_190413\files\high_confidence_log_reasoners\compucog\b7d72bf1e7a4__frame_to_grid.py","mss(;screen capture"
"4","Sensitive collector signal","35","compucog","H:\_BACKUPS\CompuCog_20260130_070545\CompuCog_Visual_v2 POSSIBLE KEEPER\core\frame_to_grid.py","H:\AnchorWorks_reasoning_toolbox_pull_list\Machine_Log_Reasoners_CURATED_20260515_190413\files\high_confidence_log_reasoners\compucog\b5b86886e98a__frame_to_grid.py","mss(;screen capture"
"4","Sensitive collector signal","35","compucog","H:\_BACKUPS\CompuCog_20260130_070757\CompuCog_Visual_v2 POSSIBLE KEEPER\core\frame_to_grid.py","H:\AnchorWorks_reasoning_toolbox_pull_list\Machine_Log_Reasoners_CURATED_20260515_190413\files\high_confidence_log_reasoners\compucog\04b95c4b1f41__frame_to_grid.py","mss(;screen capture"
"4","Sensitive collector signal","35","compucog","H:\_BACKUPS\CompuCog_20260130_071141\CompuCog_Visual_v2 POSSIBLE KEEPER\core\frame_to_grid.py","H:\AnchorWorks_reasoning_toolbox_pull_list\Machine_Log_Reasoners_CURATED_20260515_190413\files\high_confidence_log_reasoners\compucog\76631e511aca__frame_to_grid.py","mss(;screen capture"
"4","Sensitive collector signal","35","compucog","H:\_BACKUPS\CompuCog_20260130_071835\CompuCog_Visual_v2_POSSIBLE_KEEPER\core\frame_to_grid.py","H:\AnchorWorks_reasoning_toolbox_pull_list\Machine_Log_Reasoners_CURATED_20260515_190413\files\high_confidence_log_reasoners\compucog\c507c613f6ac__frame_to_grid.py","mss(;screen capture"
"4","Sensitive collector signal","35","compucog","H:\CompuCog\core\frame_to_grid.py","H:\AnchorWorks_reasoning_toolbox_pull_list\Machine_Log_Reasoners_CURATED_20260515_190413\files\high_confidence_log_reasoners\compucog\74147f9615b7__frame_to_grid.py","mss(;screen capture"
"4","Sensitive collector signal","32","clearbox","F:\Desktop 812025\Desktop Files 7_26_25\Embedding Reasoning Trees in Token-Based AI Generation\Clearbox-AI-Plugin-Runner-main\Clearbox-AI-Plugin-Runner-main\claude_sandbox\plugins\visual_io\api\router.py","H:\AnchorWorks_reasoning_toolbox_pull_list\Machine_Log_Reasoners_CURATED_20260515_190413\files\high_confidence_log_reasoners\clearbox\91534e945786__router.py","screen capture"
"4","Sensitive collector signal","28","clearbox","E:\Clearbox-AI-Plugin-Runner-main\Clearbox-AI-Plugin-Runner-main\claude_sandbox\plugins\visual_io\api\router.py","H:\AnchorWorks_reasoning_toolbox_pull_list\Machine_Log_Reasoners_CURATED_20260515_190413\files\high_confidence_log_reasoners\clearbox\f230b46bf295__router.py","screen capture"
"4","Sensitive collector signal","26","wolf_engine","C:\Users\mydyi\OneDrive\Documents\Desktop\clearbox-plugins\wolf_engine\modules\reasoning\frame_to_grid.py","H:\AnchorWorks_reasoning_toolbox_pull_list\Machine_Log_Reasoners_CURATED_20260515_190413\files\high_confidence_log_reasoners\wolf_engine\244b3ed1ccc2__frame_to_grid.py","mss(;screen capture"
"4","Sensitive collector signal","26","wolf_engine","E:\Clearbox-AI-Plugin-Runner-main\Clearbox-AI-Plugin-Runner-main\plugins\wolf_engine\modules\reasoning\frame_to_grid.py","H:\AnchorWorks_reasoning_toolbox_pull_list\Machine_Log_Reasoners_CURATED_20260515_190413\files\high_confidence_log_reasoners\wolf_engine\86a68abfb7a6__frame_to_grid.py","mss(;screen capture"
"4","Sensitive collector signal","26","wolf_engine","G:\BACKUPS ONLY\clearbox-ai-studio-v2-main backup 1\plugins\wolf_engine\modules\reasoning\frame_to_grid.py","H:\AnchorWorks_reasoning_toolbox_pull_list\Machine_Log_Reasoners_CURATED_20260515_190413\files\high_confidence_log_reasoners\wolf_engine\ad582e9cdab4__frame_to_grid.py","mss(;screen capture"
"4","Sensitive collector signal","22","misc","C:\Users\mydyi\.codex\skills\.system\plugin-creator\scripts\create_basic_plugin.py","H:\AnchorWorks_reasoning_toolbox_pull_list\Machine_Log_Reasoners_CURATED_20260515_190413\files\high_confidence_log_reasoners\misc\50e552190a0b__create_basic_plugin.py","screenshot"
"4","Sensitive collector signal","19","misc","C:\Users\mydyi\.codex\.tmp\plugins\.agents\skills\plugin-creator\scripts\create_basic_plugin.py","H:\AnchorWorks_reasoning_toolbox_pull_list\Machine_Log_Reasoners_CURATED_20260515_190413\files\high_confidence_log_reasoners\misc\496db5243ef3__create_basic_plugin.py","screenshot"
"4","Sensitive collector signal","16","arc_solver","H:\arc_production_solver\cod_616\test_profile.py","H:\AnchorWorks_reasoning_toolbox_pull_list\Machine_Log_Reasoners_CURATED_20260515_190413\files\machine_collectors_loggers\arc_solver\27d3756f600c__test_profile.py","screen capture"
"4","Sensitive collector signal","15","clearbox","F:\Desktop 812025\Desktop Files 7_26_25\Embedding Reasoning Trees in Token-Based AI Generation\Clearbox-AI-Plugin-Runner-main\Clearbox-AI-Plugin-Runner-main\claude_sandbox\plugins\visual_io\__init__.py","H:\AnchorWorks_reasoning_toolbox_pull_list\Machine_Log_Reasoners_CURATED_20260515_190413\files\high_confidence_log_reasoners\clearbox\0e0c70541b16____init__.py","screen capture"
"4","Sensitive collector signal","11","clearbox","E:\Clearbox-AI-Plugin-Runner-main\Clearbox-AI-Plugin-Runner-main\claude_sandbox\plugins\visual_io\__init__.py","H:\AnchorWorks_reasoning_toolbox_pull_list\Machine_Log_Reasoners_CURATED_20260515_190413\files\machine_collectors_loggers\clearbox\13408ea92a38____init__.py","screen capture"
